<?xml version="1.0" encoding="UTF-8"?>
<project-private xmlns="http://www.netbeans.org/ns/project-private/1">
    <editor-bookmarks xmlns="http://www.netbeans.org/ns/editor-bookmarks/2" lastBookmarkId="0"/>
    <open-files xmlns="http://www.netbeans.org/ns/projectui-open-files/2">
        <group>
            <file>file:/Users/foggia/Devel/NetBeansProjects/EsempioIO1/src/esempioio1/EsempioIO1.java</file>
            <file>file:/Users/foggia/Devel/NetBeansProjects/EsempioIO1/src/esempioio1/Persona.java</file>
        </group>
    </open-files>
</project-private>
